,year,name,percent,sex
120000,2000,Jacob,0.016514,boy
120001,2000,Michael,0.015346,boy
120002,2000,Matthew,0.013695,boy
120003,2000,Joshua,0.013194,boy
120004,2000,Christopher,0.01199,boy
120005,2000,Nicholas,0.011815,boy
120006,2000,Andrew,0.011324,boy
120007,2000,Joseph,0.01093,boy
120008,2000,Daniel,0.010681,boy
120009,2000,Tyler,0.010305,boy
120010,2000,William,0.009896,boy
120011,2000,Brandon,0.009745,boy
120012,2000,Ryan,0.009715,boy
120013,2000,John,0.009617,boy
120014,2000,Zachary,0.009516,boy
120015,2000,David,0.009454,boy
120016,2000,Anthony,0.009416,boy
120017,2000,James,0.008613,boy
120018,2000,Justin,0.00852,boy
120019,2000,Alexander,0.008282,boy
120020,2000,Jonathan,0.008085,boy
120021,2000,Christian,0.007693,boy
120022,2000,Austin,0.007643,boy
120023,2000,Dylan,0.007378,boy
120024,2000,Ethan,0.007298,boy
120025,2000,Benjamin,0.007108,boy
120026,2000,Noah,0.006836,boy
120027,2000,Samuel,0.00678,boy
120028,2000,Robert,0.006577,boy
120029,2000,Nathan,0.006241,boy
120030,2000,Cameron,0.006117,boy
120031,2000,Kevin,0.006071,boy
120032,2000,Thomas,0.006055,boy
120033,2000,Jose,0.00603,boy
120034,2000,Hunter,0.006008,boy
120035,2000,Jordan,0.005831,boy
120036,2000,Kyle,0.005737,boy
120037,2000,Caleb,0.004723,boy
120038,2000,Jason,0.004682,boy
120039,2000,Logan,0.004667,boy
120040,2000,Aaron,0.004578,boy
120041,2000,Eric,0.004386,boy
120042,2000,Brian,0.00429,boy
120043,2000,Gabriel,0.00416,boy
120044,2000,Adam,0.003897,boy
120045,2000,Jack,0.003894,boy
120046,2000,Isaiah,0.003844,boy
120047,2000,Juan,0.003694,boy
120048,2000,Luis,0.003669,boy
120049,2000,Connor,0.00361,boy
120050,2000,Charles,0.003605,boy
120051,2000,Elijah,0.003578,boy
120052,2000,Isaac,0.003558,boy
120053,2000,Steven,0.00352,boy
120054,2000,Evan,0.003515,boy
120055,2000,Jared,0.003508,boy
120056,2000,Sean,0.003506,boy
120057,2000,Timothy,0.003475,boy
120058,2000,Luke,0.003424,boy
120059,2000,Cody,0.003418,boy
120060,2000,Nathaniel,0.003258,boy
120061,2000,Alex,0.003231,boy
120062,2000,Seth,0.003219,boy
120063,2000,Mason,0.003124,boy
120064,2000,Richard,0.003045,boy
120065,2000,Carlos,0.003026,boy
120066,2000,Angel,0.003022,boy
120067,2000,Patrick,0.003016,boy
120068,2000,Devin,0.002949,boy
120069,2000,Bryan,0.002941,boy
120070,2000,Cole,0.00284,boy
120071,2000,Jackson,0.00283,boy
120072,2000,Ian,0.002822,boy
120073,2000,Garrett,0.0028,boy
120074,2000,Trevor,0.002754,boy
120075,2000,Jesus,0.00272,boy
120076,2000,Chase,0.002608,boy
120077,2000,Adrian,0.002557,boy
120078,2000,Mark,0.002504,boy
120079,2000,Blake,0.002465,boy
120080,2000,Sebastian,0.00241,boy
120081,2000,Antonio,0.002342,boy
120082,2000,Lucas,0.002309,boy
120083,2000,Jeremy,0.002269,boy
120084,2000,Gavin,0.002245,boy
120085,2000,Miguel,0.002237,boy
120086,2000,Julian,0.002199,boy
120087,2000,Dakota,0.002182,boy
120088,2000,Alejandro,0.002161,boy
120089,2000,Jesse,0.002145,boy
120090,2000,Dalton,0.002131,boy
120091,2000,Bryce,0.002071,boy
120092,2000,Tanner,0.002029,boy
120093,2000,Kenneth,0.001987,boy
120094,2000,Stephen,0.001979,boy
120095,2000,Jake,0.001958,boy
120096,2000,Victor,0.001941,boy
120097,2000,Spencer,0.001939,boy
120098,2000,Marcus,0.001817,boy
120099,2000,Paul,0.001815,boy
120100,2000,Brendan,0.001753,boy
120101,2000,Xavier,0.001744,boy
120102,2000,Jeremiah,0.001744,boy
120103,2000,Jeffrey,0.001708,boy
120104,2000,Tristan,0.001692,boy
120105,2000,Jalen,0.001684,boy
120106,2000,Jorge,0.001673,boy
120107,2000,Edward,0.001666,boy
120108,2000,Riley,0.00164,boy
120109,2000,Wyatt,0.001635,boy
120110,2000,Colton,0.001634,boy
120111,2000,Joel,0.001617,boy
120112,2000,Maxwell,0.001613,boy
120113,2000,Aidan,0.00158,boy
120114,2000,Travis,0.001576,boy
120115,2000,Shane,0.001567,boy
120116,2000,Colin,0.001561,boy
120117,2000,Dominic,0.001556,boy
120118,2000,Carson,0.001553,boy
120119,2000,Vincent,0.001549,boy
120120,2000,Derek,0.00154,boy
120121,2000,Oscar,0.001524,boy
120122,2000,Grant,0.001522,boy
120123,2000,Eduardo,0.001512,boy
120124,2000,Peter,0.001508,boy
120125,2000,Henry,0.001492,boy
120126,2000,Parker,0.001486,boy
120127,2000,Hayden,0.00146,boy
120128,2000,Collin,0.001458,boy
120129,2000,George,0.001454,boy
120130,2000,Bradley,0.001445,boy
120131,2000,Mitchell,0.00143,boy
120132,2000,Devon,0.001424,boy
120133,2000,Ricardo,0.001398,boy
120134,2000,Shawn,0.001385,boy
120135,2000,Taylor,0.001367,boy
120136,2000,Nicolas,0.001364,boy
120137,2000,Gregory,0.001359,boy
120138,2000,Francisco,0.001359,boy
120139,2000,Liam,0.001332,boy
120140,2000,Kaleb,0.001315,boy
120141,2000,Preston,0.001315,boy
120142,2000,Erik,0.001304,boy
120143,2000,Alexis,0.001301,boy
120144,2000,Owen,0.0013,boy
120145,2000,Omar,0.001287,boy
120146,2000,Diego,0.001287,boy
120147,2000,Dustin,0.001255,boy
120148,2000,Corey,0.001249,boy
120149,2000,Fernando,0.001246,boy
120150,2000,Clayton,0.001229,boy
120151,2000,Carter,0.001222,boy
120152,2000,Ivan,0.00121,boy
120153,2000,Jaden,0.001207,boy
120154,2000,Javier,0.001194,boy
120155,2000,Alec,0.001189,boy
120156,2000,Johnathan,0.001184,boy
120157,2000,Scott,0.001178,boy
120158,2000,Manuel,0.001162,boy
120159,2000,Cristian,0.001161,boy
120160,2000,Alan,0.001157,boy
120161,2000,Raymond,0.001148,boy
120162,2000,Brett,0.001142,boy
120163,2000,Max,0.001128,boy
120164,2000,Andres,0.001127,boy
120165,2000,Gage,0.001125,boy
120166,2000,Mario,0.001118,boy
120167,2000,Dawson,0.001108,boy
120168,2000,Dillon,0.001085,boy
120169,2000,Cesar,0.001082,boy
120170,2000,Wesley,0.001063,boy
120171,2000,Levi,0.001044,boy
120172,2000,Jakob,0.001036,boy
120173,2000,Chandler,0.001021,boy
120174,2000,Martin,0.00101,boy
120175,2000,Malik,0.000999,boy
120176,2000,Edgar,0.000993,boy
120177,2000,Trenton,0.000989,boy
120178,2000,Sergio,0.000988,boy
120179,2000,Nolan,0.000972,boy
120180,2000,Josiah,0.000971,boy
120181,2000,Marco,0.00097,boy
120182,2000,Peyton,0.000959,boy
120183,2000,Harrison,0.000949,boy
120184,2000,Hector,0.000948,boy
120185,2000,Micah,0.000946,boy
120186,2000,Roberto,0.000938,boy
120187,2000,Drew,0.000934,boy
120188,2000,Brady,0.000903,boy
120189,2000,Erick,0.000903,boy
120190,2000,Conner,0.000901,boy
120191,2000,Jonah,0.000879,boy
120192,2000,Casey,0.000874,boy
120193,2000,Jayden,0.000873,boy
120194,2000,Emmanuel,0.000863,boy
120195,2000,Edwin,0.000862,boy
120196,2000,Andre,0.000859,boy
120197,2000,Phillip,0.00085,boy
120198,2000,Brayden,0.000844,boy
120199,2000,Landon,0.000843,boy
120200,2000,Giovanni,0.000843,boy
120201,2000,Bailey,0.00084,boy
120202,2000,Ronald,0.000838,boy
120203,2000,Braden,0.000831,boy
120204,2000,Damian,0.000824,boy
120205,2000,Donovan,0.000823,boy
120206,2000,Ruben,0.000822,boy
120207,2000,Frank,0.000819,boy
120208,2000,Gerardo,0.000815,boy
120209,2000,Pedro,0.000814,boy
120210,2000,Andy,0.000812,boy
120211,2000,Chance,0.000811,boy
120212,2000,Abraham,0.000804,boy
120213,2000,Calvin,0.000804,boy
120214,2000,Trey,0.000792,boy
120215,2000,Cade,0.000789,boy
120216,2000,Donald,0.000772,boy
120217,2000,Derrick,0.000765,boy
120218,2000,Payton,0.000758,boy
120219,2000,Darius,0.00075,boy
120220,2000,Enrique,0.000735,boy
120221,2000,Keith,0.00073,boy
120222,2000,Raul,0.000727,boy
120223,2000,Jaylen,0.000726,boy
120224,2000,Troy,0.000725,boy
120225,2000,Jonathon,0.000717,boy
120226,2000,Cory,0.000716,boy
120227,2000,Marc,0.000711,boy
120228,2000,Skyler,0.000705,boy
120229,2000,Rafael,0.000705,boy
120230,2000,Griffin,0.000704,boy
120231,2000,Trent,0.000703,boy
120232,2000,Colby,0.000702,boy
120233,2000,Johnny,0.000698,boy
120234,2000,Eli,0.000696,boy
120235,2000,Chad,0.000696,boy
120236,2000,Armando,0.000691,boy
120237,2000,Kobe,0.000687,boy
120238,2000,Caden,0.000674,boy
120239,2000,Cooper,0.000674,boy
120240,2000,Marcos,0.000674,boy
120241,2000,Elias,0.000671,boy
120242,2000,Brenden,0.000668,boy
120243,2000,Israel,0.000663,boy
120244,2000,Avery,0.000657,boy
120245,2000,Zane,0.000656,boy
120246,2000,Dante,0.000648,boy
120247,2000,Josue,0.000648,boy
120248,2000,Zackary,0.000647,boy
120249,2000,Mathew,0.000644,boy
120250,2000,Allen,0.000643,boy
120251,2000,Dennis,0.000641,boy
120252,2000,Leonardo,0.000638,boy
120253,2000,Ashton,0.00063,boy
120254,2000,Philip,0.000628,boy
120255,2000,Julio,0.000626,boy
120256,2000,Miles,0.000625,boy
120257,2000,Damien,0.000624,boy
120258,2000,Ty,0.000621,boy
120259,2000,Gustavo,0.000619,boy
120260,2000,Drake,0.000609,boy
120261,2000,Jaime,0.000605,boy
120262,2000,Simon,0.000598,boy
120263,2000,Jerry,0.000596,boy
120264,2000,Curtis,0.000595,boy
120265,2000,Kameron,0.000586,boy
120266,2000,Lance,0.000585,boy
120267,2000,Brock,0.000585,boy
120268,2000,Bryson,0.000578,boy
120269,2000,Alberto,0.000574,boy
120270,2000,Dominick,0.000571,boy
120271,2000,Jimmy,0.00057,boy
120272,2000,Kaden,0.000569,boy
120273,2000,Douglas,0.000563,boy
120274,2000,Gary,0.00056,boy
120275,2000,Brennan,0.000555,boy
120276,2000,Zachery,0.000551,boy
120277,2000,Randy,0.000544,boy
120278,2000,Louis,0.000543,boy
120279,2000,Larry,0.000536,boy
120280,2000,Nickolas,0.000522,boy
120281,2000,Tony,0.00052,boy
120282,2000,Albert,0.000518,boy
120283,2000,Fabian,0.000518,boy
120284,2000,Keegan,0.000518,boy
120285,2000,Saul,0.000507,boy
120286,2000,Danny,0.000506,boy
120287,2000,Tucker,0.000502,boy
120288,2000,Damon,0.0005,boy
120289,2000,Myles,0.0005,boy
120290,2000,Arturo,0.000497,boy
120291,2000,Corbin,0.000496,boy
120292,2000,Deandre,0.000495,boy
120293,2000,Kristopher,0.000492,boy
120294,2000,Ricky,0.000491,boy
120295,2000,Lane,0.000487,boy
120296,2000,Pablo,0.000483,boy
120297,2000,Darren,0.000482,boy
120298,2000,Zion,0.000482,boy
120299,2000,Jarrett,0.000481,boy
120300,2000,Alfredo,0.000479,boy
120301,2000,Micheal,0.000476,boy
120302,2000,Angelo,0.000475,boy
120303,2000,Carl,0.000473,boy
120304,2000,Oliver,0.000469,boy
120305,2000,Kyler,0.000462,boy
120306,2000,Tommy,0.000459,boy
120307,2000,Walter,0.000454,boy
120308,2000,Dallas,0.000452,boy
120309,2000,Jace,0.000449,boy
120310,2000,Quinn,0.000449,boy
120311,2000,Theodore,0.000448,boy
120312,2000,Grayson,0.000445,boy
120313,2000,Lorenzo,0.000442,boy
120314,2000,Joe,0.00044,boy
120315,2000,Arthur,0.000438,boy
120316,2000,Bryant,0.000433,boy
120317,2000,Brent,0.000431,boy
120318,2000,Roman,0.000428,boy
120319,2000,Russell,0.000428,boy
120320,2000,Ramon,0.000427,boy
120321,2000,Moises,0.000426,boy
120322,2000,Lawrence,0.000425,boy
120323,2000,Aiden,0.000422,boy
120324,2000,Quentin,0.000418,boy
120325,2000,Tyrese,0.000416,boy
120326,2000,Jay,0.000415,boy
120327,2000,Tristen,0.000414,boy
120328,2000,Emanuel,0.000409,boy
120329,2000,Salvador,0.000409,boy
120330,2000,Terry,0.000406,boy
120331,2000,Jeffery,0.000401,boy
120332,2000,Morgan,0.000401,boy
120333,2000,Esteban,0.000394,boy
120334,2000,Tyson,0.000392,boy
120335,2000,Braxton,0.00039,boy
120336,2000,Branden,0.000388,boy
120337,2000,Brody,0.000387,boy
120338,2000,Craig,0.000387,boy
120339,2000,Marvin,0.000386,boy
120340,2000,Ismael,0.000385,boy
120341,2000,Rodney,0.000383,boy
120342,2000,Isiah,0.000382,boy
120343,2000,Maurice,0.000381,boy
120344,2000,Marshall,0.000381,boy
120345,2000,Ernesto,0.00038,boy
120346,2000,Emilio,0.000379,boy
120347,2000,Brendon,0.000377,boy
120348,2000,Kody,0.000375,boy
120349,2000,Eddie,0.000374,boy
120350,2000,Malachi,0.000367,boy
120351,2000,Abel,0.000366,boy
120352,2000,Keaton,0.000364,boy
120353,2000,Jon,0.000361,boy
120354,2000,Shaun,0.00036,boy
120355,2000,Skylar,0.000359,boy
120356,2000,Nikolas,0.000354,boy
120357,2000,Ezekiel,0.000353,boy
120358,2000,Santiago,0.000352,boy
120359,2000,Kendall,0.000352,boy
120360,2000,Axel,0.000351,boy
120361,2000,Camden,0.000351,boy
120362,2000,Trevon,0.000351,boy
120363,2000,Bobby,0.00035,boy
120364,2000,Conor,0.000348,boy
120365,2000,Jamal,0.000347,boy
120366,2000,Lukas,0.000347,boy
120367,2000,Malcolm,0.000343,boy
120368,2000,Zackery,0.00034,boy
120369,2000,Jayson,0.00034,boy
120370,2000,Javon,0.000338,boy
120371,2000,Reginald,0.000336,boy
120372,2000,Zachariah,0.000335,boy
120373,2000,Desmond,0.000335,boy
120374,2000,Roger,0.000335,boy
120375,2000,Felix,0.000334,boy
120376,2000,Dean,0.000333,boy
120377,2000,Johnathon,0.000333,boy
120378,2000,Quinton,0.000329,boy
120379,2000,Ali,0.000327,boy
120380,2000,Davis,0.000327,boy
120381,2000,Demetrius,0.000326,boy
120382,2000,Gerald,0.000326,boy
120383,2000,Rodrigo,0.000325,boy
120384,2000,Billy,0.00032,boy
120385,2000,Rene,0.000317,boy
120386,2000,Reece,0.000316,boy
120387,2000,Justice,0.000315,boy
120388,2000,Kelvin,0.000315,boy
120389,2000,Leo,0.000315,boy
120390,2000,Maximilian,0.000314,boy
120391,2000,Guillermo,0.000312,boy
120392,2000,Kevon,0.000311,boy
120393,2000,Steve,0.000311,boy
120394,2000,Chris,0.00031,boy
120395,2000,Frederick,0.00031,boy
120396,2000,Clay,0.000307,boy
120397,2000,Weston,0.000307,boy
120398,2000,Dorian,0.000306,boy
120399,2000,Hugo,0.000305,boy
120400,2000,Orlando,0.000304,boy
120401,2000,Roy,0.000304,boy
120402,2000,Terrance,0.000301,boy
120403,2000,Kai,0.000297,boy
120404,2000,Khalil,0.000297,boy
120405,2000,Graham,0.000296,boy
120406,2000,Noel,0.000295,boy
120407,2000,Nathanael,0.000292,boy
120408,2000,Terrell,0.000292,boy
120409,2000,Willie,0.000292,boy
120410,2000,Camron,0.000291,boy
120411,2000,Tyrone,0.000291,boy
120412,2000,Mauricio,0.00029,boy
120413,2000,Amir,0.000289,boy
120414,2000,Darian,0.000287,boy
120415,2000,Jarod,0.000287,boy
120416,2000,Nelson,0.000286,boy
120417,2000,Kade,0.000284,boy
120418,2000,Reese,0.000283,boy
120419,2000,Garret,0.000283,boy
120420,2000,Kristian,0.000283,boy
120421,2000,Marquis,0.000281,boy
120422,2000,Rodolfo,0.000281,boy
120423,2000,Felipe,0.00028,boy
120424,2000,Dane,0.000279,boy
120425,2000,Todd,0.000279,boy
120426,2000,Elian,0.000277,boy
120427,2000,Walker,0.000277,boy
120428,2000,Mateo,0.000274,boy
120429,2000,Jaylon,0.000272,boy
120430,2000,Kenny,0.000271,boy
120431,2000,Bruce,0.00027,boy
120432,2000,Ross,0.00027,boy
120433,2000,Damion,0.000269,boy
120434,2000,Ezra,0.000269,boy
120435,2000,Francis,0.000268,boy
120436,2000,Tate,0.000262,boy
120437,2000,Byron,0.000261,boy
120438,2000,Reid,0.000261,boy
120439,2000,Warren,0.000261,boy
120440,2000,Bennett,0.00026,boy
120441,2000,Randall,0.000259,boy
120442,2000,Triston,0.000258,boy
120443,2000,Jermaine,0.000258,boy
120444,2000,Jaquan,0.000257,boy
120445,2000,Harley,0.000256,boy
120446,2000,Jessie,0.000256,boy
120447,2000,Duncan,0.000254,boy
120448,2000,Franklin,0.000254,boy
120449,2000,Reed,0.000253,boy
120450,2000,Blaine,0.000253,boy
120451,2000,Braeden,0.000253,boy
120452,2000,Charlie,0.000253,boy
120453,2000,Holden,0.000253,boy
120454,2000,Ahmad,0.000252,boy
120455,2000,Issac,0.000249,boy
120456,2000,Kendrick,0.000248,boy
120457,2000,Sawyer,0.000247,boy
120458,2000,Melvin,0.000246,boy
120459,2000,Solomon,0.000246,boy
120460,2000,Jaylin,0.000246,boy
120461,2000,Moses,0.000246,boy
120462,2000,Sam,0.000246,boy
120463,2000,Cedric,0.000245,boy
120464,2000,Mohammad,0.000244,boy
120465,2000,Beau,0.000243,boy
120466,2000,Jordon,0.000243,boy
120467,2000,Alvin,0.000241,boy
120468,2000,Elliot,0.000241,boy
120469,2000,Darrell,0.000239,boy
120470,2000,Lee,0.000239,boy
120471,2000,Jarred,0.000239,boy
120472,2000,Mohamed,0.000239,boy
120473,2000,Wade,0.000238,boy
120474,2000,Davion,0.000237,boy
120475,2000,Tomas,0.000237,boy
120476,2000,Jaxon,0.000236,boy
120477,2000,Uriel,0.000236,boy
120478,2000,Deven,0.000235,boy
120479,2000,Gilberto,0.000234,boy
120480,2000,Rogelio,0.000234,boy
120481,2000,Ronnie,0.000234,boy
120482,2000,Julius,0.000232,boy
120483,2000,Allan,0.000232,boy
120484,2000,Brayan,0.00023,boy
120485,2000,Deshawn,0.00023,boy
120486,2000,Terrence,0.00023,boy
120487,2000,Joey,0.00023,boy
120488,2000,Noe,0.000229,boy
120489,2000,Alfonso,0.000228,boy
120490,2000,Ahmed,0.000227,boy
120491,2000,Tyree,0.000223,boy
120492,2000,Tyrell,0.000223,boy
120493,2000,Devan,0.000221,boy
120494,2000,Jerome,0.000221,boy
120495,2000,Neil,0.000221,boy
120496,2000,Ramiro,0.00022,boy
120497,2000,Pierce,0.00022,boy
120498,2000,Davon,0.000219,boy
120499,2000,Devonte,0.000218,boy
120500,2000,Jamie,0.000218,boy
120501,2000,Leon,0.000218,boy
120502,2000,Adan,0.000218,boy
120503,2000,Eugene,0.000217,boy
120504,2000,Marlon,0.000217,boy
120505,2000,Stanley,0.000217,boy
120506,2000,Quincy,0.000216,boy
120507,2000,Leonard,0.000216,boy
120508,2000,Wayne,0.000214,boy
120509,2000,Will,0.000214,boy
120510,2000,Alvaro,0.000211,boy
120511,2000,Ernest,0.00021,boy
120512,2000,Harry,0.00021,boy
120513,2000,Addison,0.000209,boy
120514,2000,Jadon,0.000208,boy
120515,2000,Ray,0.000208,boy
120516,2000,Alonzo,0.000207,boy
120517,2000,Rolando,0.000206,boy
120518,2000,Keyshawn,0.000206,boy
120519,2000,Mohammed,0.000205,boy
120520,2000,Tristin,0.000205,boy
120521,2000,Donte,0.000203,boy
120522,2000,Jonas,0.000203,boy
120523,2000,Dominique,0.000202,boy
120524,2000,Leonel,0.000202,boy
120525,2000,Wilson,0.000202,boy
120526,2000,Gilbert,0.000201,boy
120527,2000,Coby,0.000199,boy
120528,2000,Dangelo,0.000199,boy
120529,2000,Kieran,0.000199,boy
120530,2000,Colten,0.000197,boy
120531,2000,Keenan,0.000197,boy
120532,2000,Koby,0.000197,boy
120533,2000,Jarrod,0.000197,boy
120534,2000,Dale,0.000195,boy
120535,2000,Harold,0.000195,boy
120536,2000,Elliott,0.000194,boy
120537,2000,Toby,0.000194,boy
120538,2000,Dwayne,0.000192,boy
120539,2000,Osvaldo,0.000191,boy
120540,2000,Cyrus,0.00019,boy
120541,2000,Kolby,0.00019,boy
120542,2000,Sage,0.000188,boy
120543,2000,Coleman,0.000186,boy
120544,2000,Declan,0.000186,boy
120545,2000,Adolfo,0.000185,boy
120546,2000,Brennen,0.000184,boy
120547,2000,Trace,0.000184,boy
120548,2000,Ariel,0.000183,boy
120549,2000,Darryl,0.000183,boy
120550,2000,Shamar,0.000183,boy
120551,2000,Efrain,0.000183,boy
120552,2000,Orion,0.000183,boy
120553,2000,Keshawn,0.000182,boy
120554,2000,Rudy,0.000182,boy
120555,2000,Ulises,0.000182,boy
120556,2000,Darien,0.000181,boy
120557,2000,Braydon,0.00018,boy
120558,2000,Vicente,0.00018,boy
120559,2000,Ben,0.000179,boy
120560,2000,Nasir,0.000179,boy
120561,2000,Dayton,0.000178,boy
120562,2000,Joaquin,0.000176,boy
120563,2000,Karl,0.000175,boy
120564,2000,Dandre,0.000175,boy
120565,2000,Isaias,0.000175,boy
120566,2000,Rylan,0.000174,boy
120567,2000,Sterling,0.000174,boy
120568,2000,Cullen,0.000174,boy
120569,2000,Quintin,0.000173,boy
120570,2000,Stefan,0.000173,boy
120571,2000,Brice,0.000171,boy
120572,2000,Lewis,0.00017,boy
120573,2000,Gunnar,0.000169,boy
120574,2000,Humberto,0.000169,boy
120575,2000,Nigel,0.000167,boy
120576,2000,Alfred,0.000167,boy
120577,2000,Agustin,0.000165,boy
120578,2000,Asher,0.000165,boy
120579,2000,Daquan,0.000165,boy
120580,2000,Easton,0.000165,boy
120581,2000,Salvatore,0.000165,boy
120582,2000,Jaron,0.000164,boy
120583,2000,Nathanial,0.000164,boy
120584,2000,Everett,0.000163,boy
120585,2000,Ralph,0.000163,boy
120586,2000,Hudson,0.000162,boy
120587,2000,Marquise,0.000161,boy
120588,2000,Tobias,0.000161,boy
120589,2000,Glenn,0.000161,boy
120590,2000,Antoine,0.00016,boy
120591,2000,Jasper,0.00016,boy
120592,2000,Elvis,0.00016,boy
120593,2000,Sidney,0.00016,boy
120594,2000,Kane,0.000159,boy
120595,2000,Ezequiel,0.000159,boy
120596,2000,Tylor,0.000158,boy
120597,2000,Aron,0.000158,boy
120598,2000,Devyn,0.000158,boy
120599,2000,Mike,0.000158,boy
120600,2000,Dashawn,0.000157,boy
120601,2000,Silas,0.000157,boy
120602,2000,Jaiden,0.000156,boy
120603,2000,Jayce,0.000154,boy
120604,2000,Deonte,0.000153,boy
120605,2000,Cristopher,0.000152,boy
120606,2000,Romeo,0.000152,boy
120607,2000,Deon,0.000152,boy
120608,2000,Freddy,0.000151,boy
120609,2000,Kurt,0.000151,boy
120610,2000,Kolton,0.000151,boy
120611,2000,River,0.000151,boy
120612,2000,August,0.000149,boy
120613,2000,Roderick,0.000149,boy
120614,2000,Clarence,0.000148,boy
120615,2000,Derick,0.000148,boy
120616,2000,Jamar,0.000146,boy
120617,2000,Raphael,0.000146,boy
120618,2000,Rohan,0.000146,boy
120619,2000,Kareem,0.000145,boy
120620,2000,Muhammad,0.000145,boy
120621,2000,Demarcus,0.000145,boy
120622,2000,Sheldon,0.000144,boy
120623,2000,Markus,0.000144,boy
120624,2000,Cayden,0.000143,boy
120625,2000,Luca,0.000142,boy
120626,2000,Tre,0.000141,boy
120627,2000,Jean,0.00014,boy
120628,2000,Jamison,0.000139,boy
120629,2000,Rory,0.000139,boy
120630,2000,Brad,0.000139,boy
120631,2000,Clinton,0.000139,boy
120632,2000,Jaylan,0.000139,boy
120633,2000,Titus,0.000139,boy
120634,2000,Jevon,0.000138,boy
120635,2000,Julien,0.000138,boy
120636,2000,Emiliano,0.000137,boy
120637,2000,Alonso,0.000137,boy
120638,2000,Lamar,0.000136,boy
120639,2000,Cordell,0.000136,boy
120640,2000,Gordon,0.000136,boy
120641,2000,Ignacio,0.000136,boy
120642,2000,Jett,0.000135,boy
120643,2000,Keon,0.000135,boy
120644,2000,Baby,0.000135,boy
120645,2000,Cruz,0.000135,boy
120646,2000,Rashad,0.000135,boy
120647,2000,Tariq,0.000135,boy
120648,2000,Armani,0.000134,boy
120649,2000,Deangelo,0.000134,boy
120650,2000,Milton,0.000134,boy
120651,2000,Geoffrey,0.000133,boy
120652,2000,Elisha,0.000133,boy
120653,2000,Bernard,0.000132,boy
120654,2000,Darion,0.000131,boy
120655,2000,Darnell,0.000131,boy
120656,2000,Asa,0.000131,boy
120657,2000,Bret,0.000131,boy
120658,2000,Izaiah,0.000131,boy
120659,2000,Moshe,0.000131,boy
120660,2000,Irvin,0.00013,boy
120661,2000,Jairo,0.00013,boy
120662,2000,Aldo,0.000129,boy
120663,2000,Howard,0.000129,boy
120664,2000,Ayden,0.000129,boy
120665,2000,Garrison,0.000129,boy
120666,2000,Stuart,0.000129,boy
120667,2000,Zechariah,0.000129,boy
120668,2000,Kellen,0.000128,boy
120669,2000,Travon,0.000128,boy
120670,2000,Norman,0.000128,boy
120671,2000,Shemar,0.000128,boy
120672,2000,Dillan,0.000127,boy
120673,2000,Junior,0.000127,boy
120674,2000,Rhett,0.000127,boy
120675,2000,Barry,0.000126,boy
120676,2000,Darrius,0.000126,boy
120677,2000,Kamron,0.000126,boy
120678,2000,Jude,0.000126,boy
120679,2000,Rigoberto,0.000126,boy
120680,2000,Amari,0.000125,boy
120681,2000,Jovan,0.000125,boy
120682,2000,Octavio,0.000124,boy
120683,2000,Perry,0.000124,boy
120684,2000,Misael,0.000124,boy
120685,2000,Hassan,0.000123,boy
120686,2000,Jaren,0.000123,boy
120687,2000,Kole,0.000123,boy
120688,2000,Latrell,0.000123,boy
120689,2000,Roland,0.000123,boy
120690,2000,Quinten,0.000123,boy
120691,2000,Ibrahim,0.000122,boy
120692,2000,Justus,0.000122,boy
120693,2000,German,0.000122,boy
120694,2000,Gonzalo,0.000122,boy
120695,2000,Forrest,0.000121,boy
120696,2000,Mackenzie,0.000121,boy
120697,2000,Nehemiah,0.000121,boy
120698,2000,Anton,0.00012,boy
120699,2000,Chaz,0.00012,boy
120700,2000,Talon,0.00012,boy
120701,2000,Maximillian,0.00012,boy
120702,2000,Austen,0.000119,boy
120703,2000,Brooks,0.000119,boy
120704,2000,Greyson,0.000119,boy
120705,2000,Guadalupe,0.000119,boy
120706,2000,Winston,0.000119,boy
120707,2000,Antwan,0.000118,boy
120708,2000,Conrad,0.000118,boy
120709,2000,Dion,0.000118,boy
120710,2000,Lincoln,0.000118,boy
120711,2000,Earl,0.000117,boy
120712,2000,Jaydon,0.000117,boy
120713,2000,Landen,0.000117,boy
120714,2000,Leroy,0.000117,boy
120715,2000,Gunner,0.000117,boy
120716,2000,Jefferson,0.000117,boy
120717,2000,Brenton,0.000116,boy
120718,2000,Kurtis,0.000116,boy
120719,2000,Stephan,0.000116,boy
120720,2000,Stone,0.000116,boy
120721,2000,Fredrick,0.000116,boy
120722,2000,Shannon,0.000116,boy
120723,2000,Shayne,0.000115,boy
120724,2000,Karson,0.000114,boy
120725,2000,Stephon,0.000114,boy
120726,2000,Nestor,0.000113,boy
120727,2000,Frankie,0.000113,boy
120728,2000,Gianni,0.000113,boy
120729,2000,Keagan,0.000113,boy
120730,2000,Tristian,0.000113,boy
120731,2000,Dimitri,0.000112,boy
120732,2000,Kory,0.000112,boy
120733,2000,Zakary,0.000112,boy
120734,2000,Donavan,0.000112,boy
120735,2000,Draven,0.000112,boy
120736,2000,Jameson,0.000112,boy
120737,2000,Clifton,0.000111,boy
120738,2000,Daryl,0.000111,boy
120739,2000,Emmett,0.000111,boy
120740,2000,Cortez,0.00011,boy
120741,2000,Destin,0.00011,boy
120742,2000,Jamari,0.00011,boy
120743,2000,Dallin,0.00011,boy
120744,2000,Estevan,0.00011,boy
120745,2000,Grady,0.00011,boy
120746,2000,Davin,0.000109,boy
120747,2000,Santos,0.000109,boy
120748,2000,Carlton,0.000108,boy
120749,2000,Marcel,0.000108,boy
120750,2000,Mitchel,0.000108,boy
120751,2000,Clifford,0.000107,boy
120752,2000,Dylon,0.000107,boy
120753,2000,Syed,0.000107,boy
120754,2000,Adonis,0.000106,boy
120755,2000,Dexter,0.000106,boy
120756,2000,Keyon,0.000106,boy
120757,2000,Reynaldo,0.000106,boy
120758,2000,Devante,0.000105,boy
120759,2000,Arnold,0.000105,boy
120760,2000,Clark,0.000105,boy
120761,2000,Kasey,0.000105,boy
120762,2000,Sammy,0.000105,boy
120763,2000,Thaddeus,0.000105,boy
120764,2000,Jarvis,0.000104,boy
120765,2000,Garett,0.000104,boy
120766,2000,Glen,0.000104,boy
120767,2000,Infant,0.000104,boy
120768,2000,Keanu,0.000104,boy
120769,2000,Kenyon,0.000104,boy
120770,2000,Nick,0.000104,boy
120771,2000,Ulysses,0.000104,boy
120772,2000,Dwight,0.000103,boy
120773,2000,Kent,0.000103,boy
120774,2000,Denzel,0.000103,boy
120775,2000,Lamont,0.000103,boy
120776,2000,Houston,0.000102,boy
120777,2000,Layne,0.000102,boy
120778,2000,Darin,0.000102,boy
120779,2000,Jorden,0.000102,boy
120780,2000,Anderson,0.000101,boy
120781,2000,Kayden,0.000101,boy
120782,2000,Khalid,0.000101,boy
120783,2000,Antony,0.0001,boy
120784,2000,Deondre,0.0001,boy
120785,2000,Ellis,0.0001,boy
120786,2000,Marquez,0.0001,boy
120787,2000,Ari,9.9e-05,boy
120788,2000,Austyn,9.9e-05,boy
120789,2000,Brycen,9.9e-05,boy
120790,2000,Cornelius,9.9e-05,boy
120791,2000,Remington,9.8e-05,boy
120792,2000,Braedon,9.8e-05,boy
120793,2000,Abram,9.7e-05,boy
120794,2000,Hamza,9.7e-05,boy
120795,2000,Ryder,9.7e-05,boy
120796,2000,Zaire,9.7e-05,boy
120797,2000,Terence,9.7e-05,boy
120798,2000,Guy,9.6e-05,boy
120799,2000,Jamel,9.6e-05,boy
120800,2000,Tevin,9.6e-05,boy
120801,2000,Alexandro,9.6e-05,boy
120802,2000,Jordy,9.6e-05,boy
120803,2000,Kelly,9.6e-05,boy
120804,2000,Porter,9.6e-05,boy
120805,2000,Reuben,9.6e-05,boy
120806,2000,Trever,9.6e-05,boy
120807,2000,Dario,9.5e-05,boy
120808,2000,Jackie,9.5e-05,boy
120809,2000,Keven,9.5e-05,boy
120810,2000,Cristobal,9.5e-05,boy
120811,2000,Josef,9.5e-05,boy
120812,2000,Judah,9.5e-05,boy
120813,2000,Raymundo,9.5e-05,boy
120814,2000,Colt,9.4e-05,boy
120815,2000,Giancarlo,9.4e-05,boy
120816,2000,Paris,9.4e-05,boy
120817,2000,Rahul,9.4e-05,boy
120818,2000,Savion,9.4e-05,boy
120819,2000,Deshaun,9.4e-05,boy
120820,2000,Josh,9.4e-05,boy
120821,2000,Korey,9.4e-05,boy
120822,2000,Gerard,9.3e-05,boy
120823,2000,Jacoby,9.3e-05,boy
120824,2000,Lonnie,9.3e-05,boy
120825,2000,Reilly,9.3e-05,boy
120826,2000,Seamus,9.3e-05,boy
120827,2000,Don,9.3e-05,boy
120828,2000,Giovanny,9.3e-05,boy
120829,2000,Jamil,9.3e-05,boy
120830,2000,Kristofer,9.3e-05,boy
120831,2000,Samir,9.3e-05,boy
120832,2000,Dominik,9.2e-05,boy
120833,2000,Finn,9.2e-05,boy
120834,2000,Jan,9.2e-05,boy
120835,2000,Benny,9.2e-05,boy
120836,2000,Cale,9.2e-05,boy
120837,2000,Irving,9.2e-05,boy
120838,2000,Jaxson,9.2e-05,boy
120839,2000,Kaiden,9.2e-05,boy
120840,2000,Nico,9.1e-05,boy
120841,2000,Rashawn,9.1e-05,boy
120842,2000,Vernon,9.1e-05,boy
120843,2000,Aubrey,9.1e-05,boy
120844,2000,Gaven,9.1e-05,boy
120845,2000,Jabari,9.1e-05,boy
120846,2000,Marcelo,9.1e-05,boy
120847,2000,Sincere,9.1e-05,boy
120848,2000,Kirk,9e-05,boy
120849,2000,Maximus,9e-05,boy
120850,2000,Mikel,9e-05,boy
120851,2000,Heath,9e-05,boy
120852,2000,Kadin,9e-05,boy
120853,2000,Alden,8.9e-05,boy
120854,2000,Davonte,8.9e-05,boy
120855,2000,Justyn,8.9e-05,boy
120856,2000,Kelton,8.9e-05,boy
120857,2000,Brandan,8.9e-05,boy
120858,2000,Courtney,8.9e-05,boy
120859,2000,Camren,8.8e-05,boy
120860,2000,Dewayne,8.8e-05,boy
120861,2000,Darrin,8.8e-05,boy
120862,2000,Duane,8.8e-05,boy
120863,2000,Elmer,8.8e-05,boy
120864,2000,Maverick,8.8e-05,boy
120865,2000,Nikhil,8.8e-05,boy
120866,2000,Abdullah,8.7e-05,boy
120867,2000,Chaim,8.7e-05,boy
120868,2000,Darrion,8.7e-05,boy
120869,2000,Nathen,8.7e-05,boy
120870,2000,Sonny,8.7e-05,boy
120871,2000,Bronson,8.7e-05,boy
120872,2000,Xzavier,8.7e-05,boy
120873,2000,Jovani,8.6e-05,boy
120874,2000,Phoenix,8.6e-05,boy
120875,2000,Reagan,8.6e-05,boy
120876,2000,Blaze,8.6e-05,boy
120877,2000,Efren,8.6e-05,boy
120878,2000,Luciano,8.6e-05,boy
120879,2000,Royce,8.6e-05,boy
120880,2000,Tyrek,8.6e-05,boy
120881,2000,Deontae,8.5e-05,boy
120882,2000,Fidel,8.5e-05,boy
120883,2000,Gaige,8.5e-05,boy
120884,2000,Tyshawn,8.5e-05,boy
120885,2000,Ronaldo,8.5e-05,boy
120886,2000,Aden,8.4e-05,boy
120887,2000,Neal,8.4e-05,boy
120888,2000,Prince,8.4e-05,boy
120889,2000,Rickey,8.4e-05,boy
120890,2000,Deion,8.4e-05,boy
120891,2000,Denver,8.4e-05,boy
120892,2000,Gideon,8.4e-05,boy
120893,2000,Benito,8.3e-05,boy
120894,2000,London,8.3e-05,boy
120895,2000,Matteo,8.3e-05,boy
120896,2000,Samson,8.3e-05,boy
120897,2000,Bernardo,8.3e-05,boy
120898,2000,Raven,8.3e-05,boy
120899,2000,Turner,8.3e-05,boy
120900,2000,Carlo,8.2e-05,boy
120901,2000,Gino,8.2e-05,boy
120902,2000,Johan,8.2e-05,boy
120903,2000,Ryley,8.2e-05,boy
120904,2000,Simeon,8.2e-05,boy
120905,2000,Domenic,8.2e-05,boy
120906,2000,Hugh,8.2e-05,boy
120907,2000,Trystan,8.2e-05,boy
120908,2000,Emerson,8.2e-05,boy
120909,2000,Rocky,8.2e-05,boy
120910,2000,Trevion,8.2e-05,boy
120911,2000,Heriberto,8.1e-05,boy
120912,2000,Joan,8.1e-05,boy
120913,2000,Marques,8.1e-05,boy
120914,2000,Tyreek,8.1e-05,boy
120915,2000,Vaughn,8.1e-05,boy
120916,2000,Clint,8.1e-05,boy
120917,2000,Nash,8.1e-05,boy
120918,2000,Raheem,8.1e-05,boy
120919,2000,Mariano,8e-05,boy
120920,2000,Ladarius,8e-05,boy
120921,2000,Lloyd,8e-05,boy
120922,2000,Myron,8e-05,boy
120923,2000,Omari,8e-05,boy
120924,2000,Keshaun,7.9e-05,boy
120925,2000,Pierre,7.9e-05,boy
120926,2000,Xander,7.9e-05,boy
120927,2000,Eliseo,7.9e-05,boy
120928,2000,Jeff,7.9e-05,boy
120929,2000,Rick,7.9e-05,boy
120930,2000,Bradly,7.8e-05,boy
120931,2000,Freddie,7.8e-05,boy
120932,2000,Mekhi,7.8e-05,boy
120933,2000,Sabastian,7.8e-05,boy
120934,2000,Shea,7.8e-05,boy
120935,2000,Alessandro,7.8e-05,boy
120936,2000,Kavon,7.8e-05,boy
120937,2000,Adrien,7.7e-05,boy
120938,2000,Dan,7.7e-05,boy
120939,2000,Isai,7.7e-05,boy
120940,2000,Kian,7.7e-05,boy
120941,2000,Rasheed,7.7e-05,boy
120942,2000,Blaise,7.7e-05,boy
120943,2000,Brodie,7.7e-05,boy
120944,2000,Donnie,7.7e-05,boy
120945,2000,Isidro,7.7e-05,boy
120946,2000,Jaeden,7.7e-05,boy
120947,2000,Javion,7.7e-05,boy
120948,2000,Jimmie,7.7e-05,boy
120949,2000,Johnnie,7.7e-05,boy
120950,2000,Kennedy,7.7e-05,boy
120951,2000,Paxton,7.7e-05,boy
120952,2000,Tyrique,7.7e-05,boy
120953,2000,Andreas,7.6e-05,boy
120954,2000,Augustus,7.6e-05,boy
120955,2000,Jalon,7.6e-05,boy
120956,2000,Jamir,7.6e-05,boy
120957,2000,Valentin,7.6e-05,boy
120958,2000,Korbin,7.6e-05,boy
120959,2000,Lawson,7.6e-05,boy
120960,2000,Fred,7.5e-05,boy
120961,2000,Herbert,7.5e-05,boy
120962,2000,Maxim,7.5e-05,boy
120963,2000,Bruno,7.5e-05,boy
120964,2000,Donavon,7.5e-05,boy
120965,2000,Javonte,7.5e-05,boy
120966,2000,Alexzander,7.4e-05,boy
120967,2000,Ean,7.4e-05,boy
120968,2000,Kamren,7.4e-05,boy
120969,2000,Rowan,7.4e-05,boy
120970,2000,Alek,7.4e-05,boy
120971,2000,Brandyn,7.4e-05,boy
120972,2000,Demarco,7.4e-05,boy
120973,2000,Hernan,7.3e-05,boy
120974,2000,Amos,7.3e-05,boy
120975,2000,Bo,7.3e-05,boy
120976,2000,Branson,7.3e-05,boy
120977,2000,Genaro,7.3e-05,boy
120978,2000,Jamarcus,7.3e-05,boy
120979,2000,Aric,7.2e-05,boy
120980,2000,Barrett,7.2e-05,boy
120981,2000,Brennon,7.2e-05,boy
120982,2000,Rey,7.2e-05,boy
120983,2000,Braiden,7.2e-05,boy
120984,2000,Brant,7.2e-05,boy
120985,2000,Dontae,7.2e-05,boy
120986,2000,Jovany,7.2e-05,boy
120987,2000,Kale,7.2e-05,boy
120988,2000,Nicklaus,7.2e-05,boy
120989,2000,Dillion,7.1e-05,boy
120990,2000,Donnell,7.1e-05,boy
120991,2000,Kylan,7.1e-05,boy
120992,2000,Treyvon,7.1e-05,boy
120993,2000,Vincenzo,7.1e-05,boy
120994,2000,Zander,7.1e-05,boy
120995,2000,Dayne,7.1e-05,boy
120996,2000,Francesco,7.1e-05,boy
120997,2000,Isaak,7.1e-05,boy
120998,2000,Lionel,7.1e-05,boy
120999,2000,Tracy,7.1e-05,boy
249000,2000,Emily,0.013017,girl
249001,2000,Hannah,0.011569,girl
249002,2000,Madison,0.010017,girl
249003,2000,Ashley,0.009027,girl
249004,2000,Sarah,0.008865,girl
249005,2000,Alexis,0.008837,girl
249006,2000,Samantha,0.00866,girl
249007,2000,Jessica,0.007876,girl
249008,2000,Taylor,0.007564,girl
249009,2000,Elizabeth,0.007561,girl
249010,2000,Lauren,0.00711,girl
249011,2000,Alyssa,0.006798,girl
249012,2000,Kayla,0.006677,girl
249013,2000,Abigail,0.006564,girl
249014,2000,Brianna,0.006458,girl
249015,2000,Olivia,0.006446,girl
249016,2000,Emma,0.006287,girl
249017,2000,Megan,0.005737,girl
249018,2000,Grace,0.00566,girl
249019,2000,Victoria,0.005477,girl
249020,2000,Rachel,0.005345,girl
249021,2000,Anna,0.005301,girl
249022,2000,Sydney,0.005138,girl
249023,2000,Destiny,0.004935,girl
249024,2000,Morgan,0.004767,girl
249025,2000,Jennifer,0.004706,girl
249026,2000,Jasmine,0.004557,girl
249027,2000,Haley,0.00455,girl
249028,2000,Kaitlyn,0.004394,girl
249029,2000,Julia,0.004393,girl
249030,2000,Nicole,0.004292,girl
249031,2000,Amanda,0.004287,girl
249032,2000,Katherine,0.004065,girl
249033,2000,Natalie,0.00406,girl
249034,2000,Hailey,0.003925,girl
249035,2000,Alexandra,0.003786,girl
249036,2000,Savannah,0.003558,girl
249037,2000,Chloe,0.003557,girl
249038,2000,Rebecca,0.003536,girl
249039,2000,Stephanie,0.003525,girl
249040,2000,Maria,0.003432,girl
249041,2000,Sophia,0.00329,girl
249042,2000,Mackenzie,0.003185,girl
249043,2000,Allison,0.003167,girl
249044,2000,Isabella,0.00313,girl
249045,2000,Amber,0.003099,girl
249046,2000,Mary,0.003096,girl
249047,2000,Danielle,0.003052,girl
249048,2000,Gabrielle,0.002943,girl
249049,2000,Jordan,0.002914,girl
249050,2000,Brooke,0.002829,girl
249051,2000,Michelle,0.00278,girl
249052,2000,Sierra,0.002767,girl
249053,2000,Katelyn,0.00276,girl
249054,2000,Andrea,0.002746,girl
249055,2000,Madeline,0.002694,girl
249056,2000,Sara,0.002663,girl
249057,2000,Kimberly,0.002628,girl
249058,2000,Courtney,0.002627,girl
249059,2000,Erin,0.0026,girl
249060,2000,Brittany,0.002597,girl
249061,2000,Vanessa,0.002574,girl
249062,2000,Jacqueline,0.002533,girl
249063,2000,Jenna,0.002531,girl
249064,2000,Caroline,0.002518,girl
249065,2000,Faith,0.002507,girl
249066,2000,Makayla,0.002465,girl
249067,2000,Bailey,0.002331,girl
249068,2000,Paige,0.002311,girl
249069,2000,Shelby,0.002286,girl
249070,2000,Melissa,0.002271,girl
249071,2000,Kaylee,0.002254,girl
249072,2000,Christina,0.002166,girl
249073,2000,Trinity,0.002146,girl
249074,2000,Caitlin,0.002058,girl
249075,2000,Mariah,0.002056,girl
249076,2000,Autumn,0.002018,girl
249077,2000,Marissa,0.002017,girl
249078,2000,Angela,0.001916,girl
249079,2000,Breanna,0.001916,girl
249080,2000,Catherine,0.001904,girl
249081,2000,Zoe,0.001897,girl
249082,2000,Briana,0.001883,girl
249083,2000,Jada,0.001879,girl
249084,2000,Laura,0.00187,girl
249085,2000,Claire,0.001861,girl
249086,2000,Alexa,0.001842,girl
249087,2000,Kelsey,0.00184,girl
249088,2000,Kathryn,0.001825,girl
249089,2000,Leslie,0.001815,girl
249090,2000,Alexandria,0.001785,girl
249091,2000,Sabrina,0.001736,girl
249092,2000,Mia,0.001729,girl
249093,2000,Isabel,0.001729,girl
249094,2000,Molly,0.001705,girl
249095,2000,Leah,0.0017,girl
249096,2000,Katie,0.001694,girl
249097,2000,Gabriella,0.001688,girl
249098,2000,Cheyenne,0.001688,girl
249099,2000,Cassandra,0.001656,girl
249100,2000,Tiffany,0.001656,girl
249101,2000,Erica,0.001616,girl
249102,2000,Lindsey,0.001611,girl
249103,2000,Kylie,0.001608,girl
249104,2000,Diana,0.001588,girl
249105,2000,Amy,0.001587,girl
249106,2000,Cassidy,0.001586,girl
249107,2000,Mikayla,0.001584,girl
249108,2000,Ariana,0.001582,girl
249109,2000,Margaret,0.001563,girl
249110,2000,Kelly,0.001542,girl
249111,2000,Miranda,0.001525,girl
249112,2000,Maya,0.001513,girl
249113,2000,Melanie,0.001488,girl
249114,2000,Audrey,0.00144,girl
249115,2000,Jade,0.001436,girl
249116,2000,Gabriela,0.001427,girl
249117,2000,Caitlyn,0.001423,girl
249118,2000,Angel,0.001419,girl
249119,2000,Jillian,0.001394,girl
249120,2000,Alicia,0.001384,girl
249121,2000,Jocelyn,0.001376,girl
249122,2000,Erika,0.00137,girl
249123,2000,Lily,0.001369,girl
249124,2000,Heather,0.001347,girl
249125,2000,Madelyn,0.001347,girl
249126,2000,Adriana,0.001344,girl
249127,2000,Arianna,0.001331,girl
249128,2000,Lillian,0.001301,girl
249129,2000,Kiara,0.001284,girl
249130,2000,Riley,0.001281,girl
249131,2000,Crystal,0.001278,girl
249132,2000,Mckenzie,0.001268,girl
249133,2000,Meghan,0.001262,girl
249134,2000,Skylar,0.001255,girl
249135,2000,Ana,0.001215,girl
249136,2000,Britney,0.001205,girl
249137,2000,Angelica,0.0012,girl
249138,2000,Kennedy,0.001198,girl
249139,2000,Chelsea,0.001194,girl
249140,2000,Daisy,0.001186,girl
249141,2000,Kristen,0.001182,girl
249142,2000,Veronica,0.001181,girl
249143,2000,Isabelle,0.001173,girl
249144,2000,Summer,0.001172,girl
249145,2000,Hope,0.001164,girl
249146,2000,Brittney,0.001161,girl
249147,2000,Lydia,0.001153,girl
249148,2000,Hayley,0.001153,girl
249149,2000,Evelyn,0.001114,girl
249150,2000,Bethany,0.001099,girl
249151,2000,Shannon,0.001093,girl
249152,2000,Michaela,0.001089,girl
249153,2000,Karen,0.001088,girl
249154,2000,Jamie,0.001081,girl
249155,2000,Daniela,0.001078,girl
249156,2000,Angelina,0.001073,girl
249157,2000,Kaitlin,0.00107,girl
249158,2000,Karina,0.00107,girl
249159,2000,Sophie,0.001055,girl
249160,2000,Sofia,0.001049,girl
249161,2000,Diamond,0.001042,girl
249162,2000,Payton,0.001033,girl
249163,2000,Cynthia,0.001022,girl
249164,2000,Alexia,0.001013,girl
249165,2000,Valerie,0.001011,girl
249166,2000,Monica,0.000999,girl
249167,2000,Peyton,0.000987,girl
249168,2000,Carly,0.000983,girl
249169,2000,Bianca,0.000981,girl
249170,2000,Hanna,0.000959,girl
249171,2000,Brenda,0.000951,girl
249172,2000,Rebekah,0.000949,girl
249173,2000,Alejandra,0.000933,girl
249174,2000,Mya,0.00092,girl
249175,2000,Avery,0.000919,girl
249176,2000,Brooklyn,0.000917,girl
249177,2000,Ashlyn,0.000914,girl
249178,2000,Lindsay,0.000902,girl
249179,2000,Ava,0.0009,girl
249180,2000,Desiree,0.000897,girl
249181,2000,Alondra,0.000884,girl
249182,2000,Camryn,0.00088,girl
249183,2000,Ariel,0.000878,girl
249184,2000,Naomi,0.000873,girl
249185,2000,Jordyn,0.000868,girl
249186,2000,Kendra,0.000868,girl
249187,2000,Mckenna,0.000855,girl
249188,2000,Holly,0.000848,girl
249189,2000,Julie,0.00084,girl
249190,2000,Kendall,0.000828,girl
249191,2000,Kara,0.000827,girl
249192,2000,Jasmin,0.000824,girl
249193,2000,Selena,0.000823,girl
249194,2000,Esmeralda,0.000822,girl
249195,2000,Amaya,0.000819,girl
249196,2000,Kylee,0.000816,girl
249197,2000,Maggie,0.000809,girl
249198,2000,Makenzie,0.000808,girl
249199,2000,Claudia,0.000806,girl
249200,2000,Cameron,0.0008,girl
249201,2000,Kyra,0.0008,girl
249202,2000,Karla,0.000794,girl
249203,2000,Kathleen,0.000794,girl
249204,2000,Abby,0.000785,girl
249205,2000,Delaney,0.000772,girl
249206,2000,Amelia,0.000767,girl
249207,2000,Casey,0.000761,girl
249208,2000,Serena,0.000754,girl
249209,2000,Savanna,0.000753,girl
249210,2000,Aaliyah,0.00075,girl
249211,2000,Giselle,0.000746,girl
249212,2000,Mallory,0.000736,girl
249213,2000,April,0.000726,girl
249214,2000,Adrianna,0.000725,girl
249215,2000,Raven,0.000725,girl
249216,2000,Christine,0.000724,girl
249217,2000,Kristina,0.000719,girl
249218,2000,Asia,0.000714,girl
249219,2000,Nina,0.000714,girl
249220,2000,Natalia,0.000714,girl
249221,2000,Valeria,0.000712,girl
249222,2000,Aubrey,0.000706,girl
249223,2000,Lauryn,0.000706,girl
249224,2000,Kate,0.0007,girl
249225,2000,Jazmin,0.000697,girl
249226,2000,Patricia,0.000697,girl
249227,2000,Rachael,0.000696,girl
249228,2000,Katelynn,0.000696,girl
249229,2000,Cierra,0.000694,girl
249230,2000,Alison,0.000692,girl
249231,2000,Macy,0.000689,girl
249232,2000,Nancy,0.000688,girl
249233,2000,Elena,0.000684,girl
249234,2000,Kyla,0.000683,girl
249235,2000,Katrina,0.000678,girl
249236,2000,Jazmine,0.000677,girl
249237,2000,Joanna,0.000677,girl
249238,2000,Tara,0.000671,girl
249239,2000,Gianna,0.000667,girl
249240,2000,Juliana,0.000662,girl
249241,2000,Fatima,0.00066,girl
249242,2000,Allyson,0.000658,girl
249243,2000,Gracie,0.000658,girl
249244,2000,Sadie,0.000657,girl
249245,2000,Guadalupe,0.000657,girl
249246,2000,Genesis,0.000653,girl
249247,2000,Yesenia,0.000649,girl
249248,2000,Julianna,0.000645,girl
249249,2000,Skyler,0.000644,girl
249250,2000,Alexus,0.000643,girl
249251,2000,Tatiana,0.000642,girl
249252,2000,Alana,0.000641,girl
249253,2000,Elise,0.000641,girl
249254,2000,Kirsten,0.000639,girl
249255,2000,Nadia,0.000637,girl
249256,2000,Sandra,0.000635,girl
249257,2000,Dominique,0.000633,girl
249258,2000,Haylee,0.000632,girl
249259,2000,Ruby,0.000632,girl
249260,2000,Jayla,0.000631,girl
249261,2000,Tori,0.000625,girl
249262,2000,Cindy,0.000624,girl
249263,2000,Sidney,0.000612,girl
249264,2000,Ella,0.00061,girl
249265,2000,Tessa,0.000607,girl
249266,2000,Carolina,0.000604,girl
249267,2000,Jaqueline,0.000601,girl
249268,2000,Camille,0.000601,girl
249269,2000,Whitney,0.000599,girl
249270,2000,Carmen,0.000599,girl
249271,2000,Vivian,0.000589,girl
249272,2000,Bridget,0.000586,girl
249273,2000,Priscilla,0.000586,girl
249274,2000,Celeste,0.000585,girl
249275,2000,Kiana,0.000584,girl
249276,2000,Makenna,0.000584,girl
249277,2000,Alissa,0.000579,girl
249278,2000,Madeleine,0.000579,girl
249279,2000,Natasha,0.000574,girl
249280,2000,Miriam,0.000574,girl
249281,2000,Ciara,0.00057,girl
249282,2000,Cecilia,0.000569,girl
249283,2000,Kassandra,0.000569,girl
249284,2000,Mercedes,0.000569,girl
249285,2000,Reagan,0.000568,girl
249286,2000,Aliyah,0.000559,girl
249287,2000,Josephine,0.000557,girl
249288,2000,Charlotte,0.000554,girl
249289,2000,Rylee,0.000552,girl
249290,2000,Shania,0.00055,girl
249291,2000,Kira,0.000548,girl
249292,2000,Meredith,0.000547,girl
249293,2000,Eva,0.000546,girl
249294,2000,Dakota,0.000545,girl
249295,2000,Lisa,0.000544,girl
249296,2000,Hallie,0.000543,girl
249297,2000,Anne,0.000542,girl
249298,2000,Rose,0.000539,girl
249299,2000,Liliana,0.000534,girl
249300,2000,Kristin,0.00053,girl
249301,2000,Marisa,0.000527,girl
249302,2000,Imani,0.000527,girl
249303,2000,Kailey,0.000527,girl
249304,2000,Deanna,0.000526,girl
249305,2000,Annie,0.000519,girl
249306,2000,Nia,0.000518,girl
249307,2000,Carolyn,0.000516,girl
249308,2000,Anastasia,0.000513,girl
249309,2000,Brenna,0.000513,girl
249310,2000,Dana,0.000509,girl
249311,2000,Shayla,0.000506,girl
249312,2000,Kassidy,0.000505,girl
249313,2000,Ashlee,0.000505,girl
249314,2000,Alaina,0.000503,girl
249315,2000,Rosa,0.000503,girl
249316,2000,Wendy,0.000502,girl
249317,2000,Logan,0.000501,girl
249318,2000,Tabitha,0.000498,girl
249319,2000,Paola,0.000497,girl
249320,2000,Callie,0.000496,girl
249321,2000,Addison,0.000492,girl
249322,2000,Lucy,0.000491,girl
249323,2000,Gillian,0.000489,girl
249324,2000,Clarissa,0.000489,girl
249325,2000,Destinee,0.000488,girl
249326,2000,Josie,0.000486,girl
249327,2000,Denise,0.000483,girl
249328,2000,Katlyn,0.000483,girl
249329,2000,Esther,0.00048,girl
249330,2000,Mariana,0.000474,girl
249331,2000,Bryanna,0.000473,girl
249332,2000,Emilee,0.000467,girl
249333,2000,Georgia,0.000466,girl
249334,2000,Deja,0.000462,girl
249335,2000,Kamryn,0.000462,girl
249336,2000,Ashleigh,0.00046,girl
249337,2000,Cristina,0.000456,girl
249338,2000,Baylee,0.000454,girl
249339,2000,Heaven,0.000453,girl
249340,2000,Raquel,0.000452,girl
249341,2000,Monique,0.000451,girl
249342,2000,Teresa,0.000451,girl
249343,2000,Ruth,0.000449,girl
249344,2000,Krystal,0.000446,girl
249345,2000,Helen,0.000446,girl
249346,2000,Tiana,0.000445,girl
249347,2000,Cassie,0.000444,girl
249348,2000,Kayleigh,0.000444,girl
249349,2000,Marina,0.000444,girl
249350,2000,Heidi,0.000442,girl
249351,2000,Ivy,0.000441,girl
249352,2000,Ashton,0.000436,girl
249353,2000,Clara,0.000434,girl
249354,2000,Meagan,0.000431,girl
249355,2000,Gina,0.000429,girl
249356,2000,Linda,0.000424,girl
249357,2000,Gloria,0.000421,girl
249358,2000,Jacquelyn,0.000417,girl
249359,2000,Ellie,0.000415,girl
249360,2000,Jenny,0.000414,girl
249361,2000,Renee,0.000413,girl
249362,2000,Daniella,0.00041,girl
249363,2000,Lizbeth,0.00041,girl
249364,2000,Anahi,0.000408,girl
249365,2000,Virginia,0.000407,girl
249366,2000,Gisselle,0.000406,girl
249367,2000,Kaitlynn,0.000402,girl
249368,2000,Julissa,0.0004,girl
249369,2000,Cheyanne,0.000399,girl
249370,2000,Lacey,0.000397,girl
249371,2000,Haleigh,0.000396,girl
249372,2000,Marie,0.000393,girl
249373,2000,Eleanor,0.000387,girl
249374,2000,Martha,0.000385,girl
249375,2000,Kierra,0.000383,girl
249376,2000,Tiara,0.000383,girl
249377,2000,Talia,0.000382,girl
249378,2000,Kaylie,0.000381,girl
249379,2000,Mikaela,0.000381,girl
249380,2000,Eliza,0.00038,girl
249381,2000,Harley,0.000378,girl
249382,2000,Jaden,0.000377,girl
249383,2000,Madalyn,0.000377,girl
249384,2000,Hailee,0.000377,girl
249385,2000,Kasey,0.000376,girl
249386,2000,Ashlynn,0.000375,girl
249387,2000,Brandi,0.000373,girl
249388,2000,Lesly,0.000372,girl
249389,2000,Elisabeth,0.000369,girl
249390,2000,Allie,0.000368,girl
249391,2000,Viviana,0.000368,girl
249392,2000,Cara,0.000367,girl
249393,2000,Marisol,0.000365,girl
249394,2000,India,0.000362,girl
249395,2000,Litzy,0.000361,girl
249396,2000,Tatyana,0.000361,girl
249397,2000,Melody,0.000361,girl
249398,2000,Jessie,0.00036,girl
249399,2000,Brandy,0.00036,girl
249400,2000,Alisha,0.000359,girl
249401,2000,Hunter,0.000358,girl
249402,2000,Noelle,0.000356,girl
249403,2000,Carla,0.000354,girl
249404,2000,Francesca,0.000352,girl
249405,2000,Tia,0.000352,girl
249406,2000,Layla,0.000349,girl
249407,2000,Krista,0.000349,girl
249408,2000,Zoey,0.000347,girl
249409,2000,Carley,0.000345,girl
249410,2000,Janet,0.000344,girl
249411,2000,Carissa,0.000344,girl
249412,2000,Iris,0.000344,girl
249413,2000,Kaleigh,0.000343,girl
249414,2000,Tyler,0.000343,girl
249415,2000,Theresa,0.000341,girl
249416,2000,Tamara,0.00034,girl
249417,2000,Yasmine,0.000339,girl
249418,2000,Tatum,0.000338,girl
249419,2000,Susan,0.000337,girl
249420,2000,Sharon,0.000336,girl
249421,2000,Alice,0.000335,girl
249422,2000,Yasmin,0.000335,girl
249423,2000,Tamia,0.000333,girl
249424,2000,Abbey,0.000331,girl
249425,2000,Alayna,0.000331,girl
249426,2000,Kali,0.000331,girl
249427,2000,Bailee,0.00033,girl
249428,2000,Lesley,0.00033,girl
249429,2000,Lilly,0.00033,girl
249430,2000,Mckayla,0.00033,girl
249431,2000,Ayanna,0.000329,girl
249432,2000,Serenity,0.000328,girl
249433,2000,Karissa,0.000326,girl
249434,2000,Jane,0.000325,girl
249435,2000,Maddison,0.000325,girl
249436,2000,Precious,0.000324,girl
249437,2000,Jayda,0.000324,girl
249438,2000,Kelsie,0.000322,girl
249439,2000,Lexi,0.000322,girl
249440,2000,Phoebe,0.000322,girl
249441,2000,Halle,0.000321,girl
249442,2000,Kiersten,0.00032,girl
249443,2000,Kiera,0.000319,girl
249444,2000,Annika,0.000318,girl
249445,2000,Felicity,0.000318,girl
249446,2000,Tyra,0.000318,girl
249447,2000,Taryn,0.000318,girl
249448,2000,Kaylin,0.000317,girl
249449,2000,Ellen,0.000316,girl
249450,2000,Kiley,0.000315,girl
249451,2000,Jaclyn,0.000308,girl
249452,2000,Rhiannon,0.000307,girl
249453,2000,Madisyn,0.000306,girl
249454,2000,Colleen,0.000305,girl
249455,2000,Joy,0.000304,girl
249456,2000,Pamela,0.000304,girl
249457,2000,Tania,0.000303,girl
249458,2000,Charity,0.000303,girl
249459,2000,Fiona,0.000302,girl
249460,2000,Alyson,0.0003,girl
249461,2000,Kaila,0.0003,girl
249462,2000,Annabelle,0.0003,girl
249463,2000,Emely,0.0003,girl
249464,2000,Alina,0.000298,girl
249465,2000,Angelique,0.000298,girl
249466,2000,Regan,0.000297,girl
249467,2000,Irene,0.000297,girl
249468,2000,Johanna,0.000297,girl
249469,2000,Janae,0.000296,girl
249470,2000,Janelle,0.000296,girl
249471,2000,Madyson,0.000295,girl
249472,2000,Justine,0.000293,girl
249473,2000,Paris,0.000293,girl
249474,2000,Chelsey,0.000291,girl
249475,2000,Sasha,0.00029,girl
249476,2000,Paulina,0.000288,girl
249477,2000,Mayra,0.000286,girl
249478,2000,Zaria,0.000285,girl
249479,2000,Skye,0.000284,girl
249480,2000,Brisa,0.000282,girl
249481,2000,Cora,0.000282,girl
249482,2000,Emilie,0.000282,girl
249483,2000,Felicia,0.000282,girl
249484,2000,Larissa,0.000282,girl
249485,2000,Tianna,0.000282,girl
249486,2000,Macie,0.000281,girl
249487,2000,Aurora,0.000279,girl
249488,2000,Sage,0.000279,girl
249489,2000,Lucia,0.000277,girl
249490,2000,Alma,0.000274,girl
249491,2000,Chasity,0.000274,girl
249492,2000,Ann,0.000273,girl
249493,2000,Nichole,0.000273,girl
249494,2000,Deborah,0.000272,girl
249495,2000,Jayden,0.000272,girl
249496,2000,Alanna,0.000271,girl
249497,2000,Malia,0.000271,girl
249498,2000,Angie,0.00027,girl
249499,2000,Carlie,0.00027,girl
249500,2000,Nora,0.00027,girl
249501,2000,Kailee,0.000269,girl
249502,2000,Carrie,0.000268,girl
249503,2000,Elaina,0.000268,girl
249504,2000,Sylvia,0.000268,girl
249505,2000,Sonia,0.000267,girl
249506,2000,Genevieve,0.000262,girl
249507,2000,Kenya,0.000262,girl
249508,2000,Piper,0.000262,girl
249509,2000,Marilyn,0.000261,girl
249510,2000,Amari,0.00026,girl
249511,2000,Macey,0.00026,girl
249512,2000,Marlene,0.00026,girl
249513,2000,Tayler,0.000257,girl
249514,2000,Barbara,0.000256,girl
249515,2000,Julianne,0.000256,girl
249516,2000,Brooklynn,0.000256,girl
249517,2000,Lorena,0.000255,girl
249518,2000,Perla,0.000255,girl
249519,2000,Elisa,0.000255,girl
249520,2000,Kaley,0.000253,girl
249521,2000,Leilani,0.000253,girl
249522,2000,Eden,0.000253,girl
249523,2000,Miracle,0.000252,girl
249524,2000,Devin,0.000252,girl
249525,2000,Aileen,0.000251,girl
249526,2000,Chyna,0.000251,girl
249527,2000,Athena,0.000249,girl
249528,2000,Esperanza,0.000249,girl
249529,2000,Regina,0.000249,girl
249530,2000,Adrienne,0.000248,girl
249531,2000,Shyanne,0.000246,girl
249532,2000,Luz,0.000245,girl
249533,2000,Tierra,0.000245,girl
249534,2000,Cristal,0.000243,girl
249535,2000,Clare,0.000242,girl
249536,2000,Eliana,0.000242,girl
249537,2000,Kelli,0.000242,girl
249538,2000,Eve,0.000242,girl
249539,2000,Sydnee,0.000242,girl
249540,2000,Madelynn,0.000241,girl
249541,2000,Breana,0.000241,girl
249542,2000,Melina,0.000241,girl
249543,2000,Arielle,0.00024,girl
249544,2000,Toni,0.000239,girl
249545,2000,Corinne,0.000239,girl
249546,2000,Justice,0.000239,girl
249547,2000,Maia,0.000238,girl
249548,2000,Tess,0.000238,girl
249549,2000,Ciera,0.000238,girl
249550,2000,Maritza,0.000238,girl
249551,2000,Abbigail,0.000237,girl
249552,2000,Ebony,0.000237,girl
249553,2000,Lexie,0.000236,girl
249554,2000,Isis,0.000235,girl
249555,2000,Lena,0.000235,girl
249556,2000,Aimee,0.000235,girl
249557,2000,Leticia,0.000235,girl
249558,2000,Sydni,0.000235,girl
249559,2000,Sarai,0.000233,girl
249560,2000,Halie,0.000233,girl
249561,2000,Alivia,0.000232,girl
249562,2000,Destiney,0.000232,girl
249563,2000,Laurel,0.000232,girl
249564,2000,Edith,0.000231,girl
249565,2000,Carina,0.000231,girl
249566,2000,Fernanda,0.000231,girl
249567,2000,Amya,0.00023,girl
249568,2000,Destini,0.000229,girl
249569,2000,Aspen,0.000228,girl
249570,2000,Nathalie,0.000228,girl
249571,2000,Paula,0.000228,girl
249572,2000,Tanya,0.000228,girl
249573,2000,Frances,0.000227,girl
249574,2000,Tina,0.000227,girl
249575,2000,Christian,0.000227,girl
249576,2000,Elaine,0.000226,girl
249577,2000,Aniya,0.000225,girl
249578,2000,Ryan,0.000225,girl
249579,2000,Shayna,0.000225,girl
249580,2000,Essence,0.000224,girl
249581,2000,Mollie,0.000224,girl
249582,2000,Simone,0.000224,girl
249583,2000,Kyleigh,0.000222,girl
249584,2000,Nikki,0.000222,girl
249585,2000,Anya,0.00022,girl
249586,2000,Reyna,0.00022,girl
249587,2000,Kaylyn,0.000219,girl
249588,2000,Nicolette,0.000219,girl
249589,2000,Savanah,0.000219,girl
249590,2000,Abbie,0.000217,girl
249591,2000,Kailyn,0.000216,girl
249592,2000,Montana,0.000216,girl
249593,2000,Itzel,0.000215,girl
249594,2000,Leila,0.000214,girl
249595,2000,Cayla,0.000213,girl
249596,2000,Stacy,0.000212,girl
249597,2000,Araceli,0.000212,girl
249598,2000,Robin,0.000212,girl
249599,2000,Dulce,0.000211,girl
249600,2000,Candace,0.000211,girl
249601,2000,Noemi,0.000211,girl
249602,2000,Aleah,0.00021,girl
249603,2000,Ally,0.00021,girl
249604,2000,Nayeli,0.00021,girl
249605,2000,Mara,0.000209,girl
249606,2000,Jewel,0.000209,girl
249607,2000,Keely,0.000209,girl
249608,2000,Alisa,0.000208,girl
249609,2000,Karlee,0.000208,girl
249610,2000,Micaela,0.000208,girl
249611,2000,Desirae,0.000208,girl
249612,2000,Antonia,0.000207,girl
249613,2000,Brynn,0.000207,girl
249614,2000,Jaelyn,0.000207,girl
249615,2000,Judith,0.000207,girl
249616,2000,Leanna,0.000207,girl
249617,2000,Katelin,0.000205,girl
249618,2000,Sienna,0.000205,girl
249619,2000,Celia,0.000205,girl
249620,2000,Raegan,0.000205,girl
249621,2000,Yvette,0.000204,girl
249622,2000,Juliet,0.000202,girl
249623,2000,Emilia,0.000202,girl
249624,2000,Anika,0.000201,girl
249625,2000,Calista,0.000201,girl
249626,2000,Eileen,0.000201,girl
249627,2000,Kianna,0.000201,girl
249628,2000,Carlee,0.000201,girl
249629,2000,Thalia,0.0002,girl
249630,2000,Rylie,0.000199,girl
249631,2000,Daphne,0.000199,girl
249632,2000,Kacie,0.000198,girl
249633,2000,Karli,0.000198,girl
249634,2000,Rosemary,0.000198,girl
249635,2000,Ericka,0.000197,girl
249636,2000,Lyndsey,0.000197,girl
249637,2000,Hana,0.000196,girl
249638,2000,Haylie,0.000196,girl
249639,2000,Jadyn,0.000196,girl
249640,2000,Madilyn,0.000196,girl
249641,2000,Micah,0.000196,girl
249642,2000,Laila,0.000195,girl
249643,2000,Blanca,0.000195,girl
249644,2000,Kayley,0.000195,girl
249645,2000,Katarina,0.000194,girl
249646,2000,Kellie,0.000194,girl
249647,2000,Maribel,0.000193,girl
249648,2000,Sandy,0.000192,girl
249649,2000,Joselyn,0.000191,girl
249650,2000,Kaelyn,0.00019,girl
249651,2000,Madisen,0.00019,girl
249652,2000,Kathy,0.000189,girl
249653,2000,Margarita,0.000189,girl
249654,2000,Carson,0.000189,girl
249655,2000,Stella,0.000189,girl
249656,2000,Juliette,0.000187,girl
249657,2000,Devon,0.000186,girl
249658,2000,Camila,0.000186,girl
249659,2000,Donna,0.000186,girl
249660,2000,Bria,0.000185,girl
249661,2000,Helena,0.000184,girl
249662,2000,Lea,0.000184,girl
249663,2000,Jazlyn,0.000184,girl
249664,2000,Jazmyn,0.000183,girl
249665,2000,Skyla,0.000183,girl
249666,2000,Christy,0.000182,girl
249667,2000,Katharine,0.000182,girl
249668,2000,Joyce,0.000181,girl
249669,2000,Karlie,0.000181,girl
249670,2000,Lexus,0.000181,girl
249671,2000,Alessandra,0.00018,girl
249672,2000,Delilah,0.00018,girl
249673,2000,Moriah,0.00018,girl
249674,2000,Salma,0.00018,girl
249675,2000,Celine,0.000179,girl
249676,2000,Lizeth,0.000179,girl
249677,2000,Beatriz,0.000179,girl
249678,2000,Brianne,0.000178,girl
249679,2000,Kourtney,0.000177,girl
249680,2000,Sydnie,0.000177,girl
249681,2000,Stacey,0.000176,girl
249682,2000,Mariam,0.000175,girl
249683,2000,Robyn,0.000175,girl
249684,2000,Hayden,0.000175,girl
249685,2000,Janessa,0.000174,girl
249686,2000,Kenzie,0.000173,girl
249687,2000,Jalyn,0.000172,girl
249688,2000,Meaghan,0.000172,girl
249689,2000,Sheila,0.000172,girl
249690,2000,Aisha,0.000171,girl
249691,2000,Jaida,0.000171,girl
249692,2000,Estrella,0.00017,girl
249693,2000,Shawna,0.00017,girl
249694,2000,Marley,0.000169,girl
249695,2000,Melinda,0.000169,girl
249696,2000,Ayana,0.000169,girl
249697,2000,Karly,0.000169,girl
249698,2000,Devyn,0.000168,girl
249699,2000,Nataly,0.000168,girl
249700,2000,Rosalinda,0.000168,girl
249701,2000,Brielle,0.000167,girl
249702,2000,Laney,0.000167,girl
249703,2000,Loren,0.000167,girl
249704,2000,Lizette,0.000165,girl
249705,2000,Sally,0.000165,girl
249706,2000,Lilian,0.000165,girl
249707,2000,Rebeca,0.000165,girl
249708,2000,Tracy,0.000165,girl
249709,2000,Jenifer,0.000164,girl
249710,2000,Chandler,0.000164,girl
249711,2000,Valentina,0.000163,girl
249712,2000,America,0.000163,girl
249713,2000,Diane,0.000163,girl
249714,2000,Abigayle,0.000162,girl
249715,2000,Candice,0.000162,girl
249716,2000,Susana,0.000162,girl
249717,2000,Aliya,0.000162,girl
249718,2000,Casandra,0.000162,girl
249719,2000,Harmony,0.000162,girl
249720,2000,Jacey,0.000162,girl
249721,2000,Alena,0.000161,girl
249722,2000,Aylin,0.000161,girl
249723,2000,Shea,0.000161,girl
249724,2000,Aniyah,0.000161,girl
249725,2000,Carol,0.000161,girl
249726,2000,Stephany,0.000161,girl
249727,2000,Zoie,0.000161,girl
249728,2000,Jackeline,0.00016,girl
249729,2000,Alia,0.000159,girl
249730,2000,Savana,0.000159,girl
249731,2000,Damaris,0.000159,girl
249732,2000,Gwendolyn,0.000159,girl
249733,2000,Alexandrea,0.000158,girl
249734,2000,Marian,0.000158,girl
249735,2000,Anita,0.000158,girl
249736,2000,Jaime,0.000158,girl
249737,2000,Violet,0.000157,girl
249738,2000,Jaiden,0.000157,girl
249739,2000,Kristine,0.000157,girl
249740,2000,Carli,0.000156,girl
249741,2000,Dorothy,0.000156,girl
249742,2000,Gretchen,0.000156,girl
249743,2000,Janice,0.000156,girl
249744,2000,Annette,0.000155,girl
249745,2000,Mariela,0.000155,girl
249746,2000,Amani,0.000155,girl
249747,2000,Maura,0.000155,girl
249748,2000,Bella,0.000154,girl
249749,2000,Kaylynn,0.000154,girl
249750,2000,Lila,0.000154,girl
249751,2000,Armani,0.000153,girl
249752,2000,Anissa,0.000153,girl
249753,2000,Aubree,0.000153,girl
249754,2000,Kelsi,0.000153,girl
249755,2000,Greta,0.000151,girl
249756,2000,Kaya,0.000151,girl
249757,2000,Kayli,0.000151,girl
249758,2000,Lillie,0.000151,girl
249759,2000,Willow,0.000151,girl
249760,2000,Ansley,0.000151,girl
249761,2000,Lia,0.000151,girl
249762,2000,Catalina,0.00015,girl
249763,2000,Maci,0.00015,girl
249764,2000,Shyann,0.00015,girl
249765,2000,Alysa,0.000149,girl
249766,2000,Celina,0.000149,girl
249767,2000,Kasandra,0.000149,girl
249768,2000,Quinn,0.000149,girl
249769,2000,Jaquelin,0.000149,girl
249770,2000,Cecelia,0.000148,girl
249771,2000,Hailie,0.000148,girl
249772,2000,Haven,0.000148,girl
249773,2000,Kallie,0.000148,girl
249774,2000,Maegan,0.000148,girl
249775,2000,Maeve,0.000148,girl
249776,2000,Mattie,0.000148,girl
249777,2000,Rocio,0.000148,girl
249778,2000,Yolanda,0.000148,girl
249779,2000,Chaya,0.000148,girl
249780,2000,Christa,0.000147,girl
249781,2000,Gabriel,0.000147,girl
249782,2000,Noelia,0.000147,girl
249783,2000,Kari,0.000147,girl
249784,2000,Kaylah,0.000147,girl
249785,2000,Nya,0.000147,girl
249786,2000,Jeanette,0.000146,girl
249787,2000,Kennedi,0.000146,girl
249788,2000,Nyah,0.000146,girl
249789,2000,Presley,0.000146,girl
249790,2000,Yadira,0.000146,girl
249791,2000,Marianna,0.000146,girl
249792,2000,Reilly,0.000146,girl
249793,2000,Shaina,0.000146,girl
249794,2000,Elissa,0.000145,girl
249795,2000,Alize,0.000144,girl
249796,2000,Arlene,0.000144,girl
249797,2000,Amara,0.000143,girl
249798,2000,Izabella,0.000143,girl
249799,2000,Lyric,0.000143,girl
249800,2000,Aiyana,0.000143,girl
249801,2000,Christiana,0.000143,girl
249802,2000,Allyssa,0.000142,girl
249803,2000,Drew,0.000142,girl
249804,2000,Rachelle,0.000142,girl
249805,2000,Adeline,0.000142,girl
249806,2000,Jacklyn,0.000141,girl
249807,2000,Jesse,0.000141,girl
249808,2000,Liana,0.000141,girl
249809,2000,Citlalli,0.00014,girl
249810,2000,Giovanna,0.00014,girl
249811,2000,Selina,0.00014,girl
249812,2000,Brook,0.000139,girl
249813,2000,Graciela,0.000139,girl
249814,2000,Princess,0.000139,girl
249815,2000,Cali,0.000139,girl
249816,2000,Elyse,0.000139,girl
249817,2000,Berenice,0.000138,girl
249818,2000,Chanel,0.000138,girl
249819,2000,Iliana,0.000138,girl
249820,2000,Jolie,0.000138,girl
249821,2000,Caitlynn,0.000137,girl
249822,2000,Annalise,0.000137,girl
249823,2000,Cortney,0.000137,girl
249824,2000,Darlene,0.000137,girl
249825,2000,Sarina,0.000137,girl
249826,2000,Dasia,0.000136,girl
249827,2000,London,0.000136,girl
249828,2000,Yvonne,0.000136,girl
249829,2000,Karley,0.000135,girl
249830,2000,Myah,0.000135,girl
249831,2000,Shaylee,0.000135,girl
249832,2000,Amira,0.000134,girl
249833,2000,Kristy,0.000134,girl
249834,2000,Ryleigh,0.000134,girl
249835,2000,Dariana,0.000134,girl
249836,2000,Juanita,0.000134,girl
249837,2000,Teagan,0.000133,girl
249838,2000,Kiarra,0.000133,girl
249839,2000,Ryann,0.000133,girl
249840,2000,Yamilet,0.000133,girl
249841,2000,Alexys,0.000132,girl
249842,2000,Kacey,0.000132,girl
249843,2000,Shakira,0.000132,girl
249844,2000,Sheridan,0.000132,girl
249845,2000,Dianna,0.000131,girl
249846,2000,Baby,0.000131,girl
249847,2000,Lara,0.000131,girl
249848,2000,Isabela,0.00013,girl
249849,2000,Reina,0.00013,girl
249850,2000,Shirley,0.00013,girl
249851,2000,Jaycee,0.000129,girl
249852,2000,Silvia,0.000129,girl
249853,2000,Tatianna,0.000129,girl
249854,2000,Eryn,0.000129,girl
249855,2000,Ingrid,0.000129,girl
249856,2000,Keara,0.000129,girl
249857,2000,Randi,0.000129,girl
249858,2000,Reanna,0.000129,girl
249859,2000,Kalyn,0.000128,girl
249860,2000,Lisette,0.000128,girl
249861,2000,Monserrat,0.000128,girl
249862,2000,Lori,0.000128,girl
249863,2000,Abril,0.000127,girl
249864,2000,Ivana,0.000127,girl
249865,2000,Maranda,0.000127,girl
249866,2000,Parker,0.000127,girl
249867,2000,Darby,0.000127,girl
249868,2000,Darian,0.000127,girl
249869,2000,Jasmyn,0.000127,girl
249870,2000,Jaylin,0.000127,girl
249871,2000,Kaela,0.000127,girl
249872,2000,Katia,0.000127,girl
249873,2000,Ayla,0.000126,girl
249874,2000,Bridgette,0.000126,girl
249875,2000,Hillary,0.000126,girl
249876,2000,Kinsey,0.000126,girl
249877,2000,Yazmin,0.000126,girl
249878,2000,Elyssa,0.000126,girl
249879,2000,Caleigh,0.000125,girl
249880,2000,Dayana,0.000125,girl
249881,2000,Nikita,0.000125,girl
249882,2000,Rita,0.000125,girl
249883,2000,Asha,0.000125,girl
249884,2000,Chantel,0.000125,girl
249885,2000,Reese,0.000125,girl
249886,2000,Stefanie,0.000125,girl
249887,2000,Nadine,0.000124,girl
249888,2000,Samara,0.000124,girl
249889,2000,Unique,0.000124,girl
249890,2000,Michele,0.000124,girl
249891,2000,Sonya,0.000124,girl
249892,2000,Hazel,0.000123,girl
249893,2000,Patience,0.000123,girl
249894,2000,Cielo,0.000123,girl
249895,2000,Mireya,0.000123,girl
249896,2000,Paloma,0.000123,girl
249897,2000,Aryanna,0.000122,girl
249898,2000,Magdalena,0.000122,girl
249899,2000,Anaya,0.000122,girl
249900,2000,Dallas,0.000122,girl
249901,2000,Arely,0.000121,girl
249902,2000,Joelle,0.000121,girl
249903,2000,Kaia,0.000121,girl
249904,2000,Misty,0.000121,girl
249905,2000,Norma,0.000121,girl
249906,2000,Taya,0.000121,girl
249907,2000,Trisha,0.000121,girl
249908,2000,Deasia,0.00012,girl
249909,2000,Elsa,0.00012,girl
249910,2000,Alysha,0.00012,girl
249911,2000,Aracely,0.00012,girl
249912,2000,Bryana,0.00012,girl
249913,2000,Dawn,0.00012,girl
249914,2000,Joana,0.00012,girl
249915,2000,Brionna,0.000119,girl
249916,2000,Alex,0.000119,girl
249917,2000,Katerina,0.000118,girl
249918,2000,Ali,0.000118,girl
249919,2000,Bonnie,0.000118,girl
249920,2000,Hadley,0.000118,girl
249921,2000,Martina,0.000118,girl
249922,2000,Maryam,0.000118,girl
249923,2000,Jazmyne,0.000117,girl
249924,2000,Shaniya,0.000117,girl
249925,2000,Alycia,0.000117,girl
249926,2000,Dejah,0.000116,girl
249927,2000,Emmalee,0.000116,girl
249928,2000,Estefania,0.000116,girl
249929,2000,Jakayla,0.000116,girl
249930,2000,Nyasia,0.000116,girl
249931,2000,Anjali,0.000115,girl
249932,2000,Daisha,0.000115,girl
249933,2000,Lilliana,0.000115,girl
249934,2000,Myra,0.000115,girl
249935,2000,Amiya,0.000115,girl
249936,2000,Belen,0.000115,girl
249937,2000,Jana,0.000115,girl
249938,2000,Saige,0.000114,girl
249939,2000,Aja,0.000114,girl
249940,2000,Scarlett,0.000114,girl
249941,2000,Annabel,0.000113,girl
249942,2000,Joanne,0.000113,girl
249943,2000,Aliza,0.000113,girl
249944,2000,Ashly,0.000113,girl
249945,2000,Cydney,0.000113,girl
249946,2000,Destany,0.000113,girl
249947,2000,Gia,0.000113,girl
249948,2000,Keira,0.000113,girl
249949,2000,Roxanne,0.000113,girl
249950,2000,Fabiola,0.000112,girl
249951,2000,Kaci,0.000112,girl
249952,2000,Abagail,0.000111,girl
249953,2000,Abigale,0.000111,girl
249954,2000,Janiya,0.000111,girl
249955,2000,Odalys,0.000111,girl
249956,2000,Aria,0.000111,girl
249957,2000,Daija,0.000111,girl
249958,2000,Delia,0.000111,girl
249959,2000,Kameron,0.00011,girl
249960,2000,Katy,0.00011,girl
249961,2000,Lourdes,0.00011,girl
249962,2000,Raina,0.00011,girl
249963,2000,Ashtyn,0.00011,girl
249964,2000,Dayna,0.00011,girl
249965,2000,Emerald,0.00011,girl
249966,2000,Kirstin,0.00011,girl
249967,2000,Marlee,0.00011,girl
249968,2000,Neha,0.00011,girl
249969,2000,Antoinette,0.000109,girl
249970,2000,Beatrice,0.000109,girl
249971,2000,Blair,0.000109,girl
249972,2000,Kori,0.000109,girl
249973,2000,Annamarie,0.000109,girl
249974,2000,Breonna,0.000109,girl
249975,2000,Luisa,0.000109,girl
249976,2000,Rhianna,0.000109,girl
249977,2000,Yasmeen,0.000109,girl
249978,2000,Yessenia,0.000109,girl
249979,2000,Breanne,0.000108,girl
249980,2000,Laisha,0.000108,girl
249981,2000,Leann,0.000108,girl
249982,2000,Amina,0.000108,girl
249983,2000,Jailyn,0.000108,girl
249984,2000,Jayde,0.000108,girl
249985,2000,Jena,0.000108,girl
249986,2000,Jill,0.000108,girl
249987,2000,Katlynn,0.000108,girl
249988,2000,Kaylan,0.000108,girl
249989,2000,Kenna,0.000107,girl
249990,2000,Rayna,0.000107,girl
249991,2000,Iyana,0.000107,girl
249992,2000,Keeley,0.000107,girl
249993,2000,Kenia,0.000107,girl
249994,2000,Maiya,0.000107,girl
249995,2000,Mandy,0.000107,girl
249996,2000,Melisa,0.000107,girl
249997,2000,Sky,0.000107,girl
249998,2000,Adrian,0.000106,girl
249999,2000,Marlen,0.000106,girl
